{
  "hash": "4d6e75b7",
  "configHash": "804663b7",
  "lockfileHash": "c7df32be",
  "browserHash": "e5c9758a",
  "optimized": {
    "@angular/common/http": {
      "src": "../../../../../node_modules/@angular/common/fesm2022/http.mjs",
      "file": "@angular_common_http.js",
      "fileHash": "5cdc9d4c",
      "needsInterop": false
    },
    "@angular/core": {
      "src": "../../../../../node_modules/@angular/core/fesm2022/core.mjs",
      "file": "@angular_core.js",
      "fileHash": "5cf4711e",
      "needsInterop": false
    },
    "@angular/platform-browser": {
      "src": "../../../../../node_modules/@angular/platform-browser/fesm2022/platform-browser.mjs",
      "file": "@angular_platform-browser.js",
      "fileHash": "ac628287",
      "needsInterop": false
    },
    "@angular/router": {
      "src": "../../../../../node_modules/@angular/router/fesm2022/router.mjs",
      "file": "@angular_router.js",
      "fileHash": "c284c583",
      "needsInterop": false
    }
  },
  "chunks": {
    "chunk-BIPQSP6V": {
      "file": "chunk-BIPQSP6V.js"
    },
    "chunk-WI6LRNLE": {
      "file": "chunk-WI6LRNLE.js"
    },
    "chunk-5FUJWLSI": {
      "file": "chunk-5FUJWLSI.js"
    }
  }
}